asset_id,symbol,exchange,asset_class,asset_marginable,qty,qty_available,avg_entry_price,side,market_value,cost_basis,unrealized_pl,unrealized_plpc,unrealized_intraday_pl,unrealized_intraday_plpc,current_price,lastday_price,change_today
4772dec6-f20b-4c96-94df-f0088ead7ecd,AAPL260710P00270000,,us_option,True,1,1,4.3,long,150,430,-280,-0.65116,-278,-0.64953,1.5,4.28,-0.64953
64415bbb-8adc-405a-927a-8881b809c1fa,AAPL260710P00275000,,us_option,True,1,1,5.15,long,235,515,-280,-0.54369,-280,-0.54369,2.35,5.98,-0.60702
ba680b83-2f68-4bbc-bb74-700c3e60a736,ABT260717C00095000,,us_option,True,1,1,2.95,long,215,295,-80,-0.27119,-80,-0.27119,2.15,2.23,-0.03587
e50201ab-f2be-42a9-b8c0-256e1ec15643,ADBE260710P00190000,,us_option,True,1,1,4.15,long,137,415,-278,-0.66988,-243,-0.63947,1.37,3.8,-0.63947
cb60c8b6-0fca-46e2-a48b-42b769679901,ADBE260710P00192500,,us_option,True,1,1,4.95,long,179,495,-316,-0.63838,-271,-0.60222,1.79,4.5,-0.60222
2124554c-8f7a-42c8-9e96-e9b1eca686dd,AMZN260710P00222500,,us_option,True,1,1,4.05,long,208,405,-197,-0.48642,-211,-0.50358,2.08,4.19,-0.50358
fdd42ab1-ce3e-4402-9d40-5c0e4392d0bb,AMZN260710P00225000,,us_option,True,1,1,4.75,long,276,475,-199,-0.41895,-274,-0.49818,2.76,5.5,-0.49818
09e1a2a7-f8ee-4c7b-aced-8f22467a215e,BA260710P00215000,,us_option,True,1,1,4.35,long,380,435,-55,-0.12644,-60,-0.13636,3.8,4.4,-0.13636
6bdcc7e8-4c82-4c78-a936-529eec39d7ce,BA260717C00230000,,us_option,True,1,1,4.45,long,189,445,-256,-0.57528,-82,-0.30258,1.89,2.71,-0.30258
b6e0feec-3b43-4869-a941-8446b8bdde57,BAC260710C00058000,,us_option,True,2,2,1.09,long,160,218,-58,-0.26606,-68,-0.29825,0.8,1.14,-0.29825
08c4a0b3-b9f6-4905-8b1e-b03d4702a23c,BAC260717C00059000,,us_option,True,2,2,1.37,long,192,274,-82,-0.29927,-48,-0.2,0.96,1.2,-0.2
953f6eb0-30c8-4e44-ab74-26e72541bda4,C260717C00147000,,us_option,True,1,1,4.8,long,213,480,-267,-0.55625,-179,-0.45663,2.13,3.92,-0.45663
d0da06c1-8b85-4103-8f35-27a68bd04d84,CARR260717C00075000,,us_option,True,1,1,3.9,long,155,390,-235,-0.60256,-235,-0.60256,1.55,3.9,-0.60256
708a38a6-e979-46ac-ab5c-a564d0eb187c,CARR260717C00077500,,us_option,True,1,1,2.65,long,55,265,-210,-0.79245,-160,-0.74419,0.55,2.15,-0.74419
497be55f-32b1-4b80-818d-2e3ccd2f701f,COP260710P00107000,,us_option,True,1,1,3.05,long,265,305,-40,-0.13115,-11,-0.03986,2.65,2.76,-0.03986
d1309536-7d29-4b24-a6f7-cd899eec24ea,CRM260710P00150000,,us_option,True,1,1,4.95,long,179,495,-316,-0.63838,-301,-0.62708,1.79,4.8,-0.62708
727aefb1-bc5d-4e0f-962d-58be8b752551,CRM260717P00149000,,us_option,True,1,1,4.9,long,239,490,-251,-0.51224,-245,-0.5062,2.39,4.84,-0.5062
b280e9bc-32af-4975-be3f-569160a1bec1,CSCO260717P00115000,,us_option,True,1,1,3.75,long,445,375,70,0.18667,70,0.18667,4.45,2.55,0.7451
428a550b-f474-4419-8824-edc4188597c5,CSCO260717P00116000,,us_option,True,1,1,4.45,long,495,445,50,0.11236,50,0.11236,4.95,2.9,0.7069
a9993d3c-1f80-4000-9536-dd0dabb8cc8b,CVS260717C00105000,,us_option,True,1,1,3.2,long,232,320,-88,-0.275,-88,-0.275,2.32,2.9,-0.2
2a12d886-fb67-43af-9350-7f967c7434fc,CVX260710P00172500,,us_option,True,1,1,3.8,long,390,380,10,0.02632,65,0.2,3.9,3.25,0.2
4166b81b-ce5f-4b1b-85a0-5019167db779,CVX260717P00170000,,us_option,True,1,1,3.6,long,340,360,-20,-0.05556,29,0.09325,3.4,3.11,0.09325
84a27274-4d57-48f2-be7b-ed4e9d1e5fe3,DIA260710C00522000,,us_option,True,1,1,4.95,long,375,495,-120,-0.24242,-120,-0.24242,3.75,5.35,-0.29907
f150f339-da8d-4315-94a2-761c0e8e5db8,DIA260710C00524000,,us_option,True,1,1,4.8,long,300,480,-180,-0.375,-140,-0.31818,3,4.4,-0.31818
408b401c-e9a4-4f70-a372-93499db20e26,DIS260717P00100000,,us_option,True,1,1,3.55,long,283,355,-72,-0.20282,-72,-0.20282,2.83,3.6,-0.21389
9f112084-2b15-4644-a86c-24fb54810812,ENB260717C00052500,,us_option,True,1,1,4,long,350,400,-50,-0.125,-50,-0.125,3.5,4.4,-0.20455
70a8aaed-6519-4cee-843e-d78034ea9e1f,ESTC260717P00055000,,us_option,True,1,1,4,long,180,400,-220,-0.55,-220,-0.55,1.8,4,-0.55
df0bc0f3-0478-403f-ad27-83c87112cb10,F260717C00014000,,us_option,True,2,2,0.62,long,110,124,-14,-0.1129,-14,-0.1129,0.55,0.62,-0.1129
79f17375-8025-42c4-bfda-3bf36738d30d,F260717C00014500,,us_option,True,2,2,0.46,long,68,92,-24,-0.26087,-10,-0.12821,0.34,0.39,-0.12821
2f03127d-94ef-4611-ba8d-a574448264ba,GM260717C00080000,,us_option,True,1,1,3.25,long,173,325,-152,-0.46769,-57,-0.24783,1.73,2.3,-0.24783
34529bd2-fe44-48ee-95f5-6c305b6766d3,GM260717P00080000,,us_option,True,1,1,3.55,long,330,355,-25,-0.07042,-25,-0.07042,3.3,3.55,-0.07042
ca648ba9-ced3-4c36-9eb3-b05c50145bca,GSK260717C00052000,,us_option,True,2,2,1.65,long,110,330,-220,-0.66667,-200,-0.64516,0.55,1.55,-0.64516
5ed141a4-2fdd-43d7-a935-dee800a48f75,GSK260717C00053000,,us_option,True,2,2,1.25,long,150,250,-100,-0.4,-100,-0.4,0.75,0.96,-0.21875
ea22acd0-1254-4f17-a1b9-62f5cecf3cb8,HD260710C00355000,,us_option,True,1,1,4.8,long,395,480,-85,-0.17708,-85,-0.17708,3.95,3.75,0.05333
4480c96a-e4fa-472d-abfd-b70c3abdbdf0,IONQ260710P00053000,,us_option,True,1,1,4.55,long,530,455,75,0.16484,75,0.16484,5.3,5.37,-0.01304
a5cd5d5f-b8a4-4367-a7c9-0861d6f60c7a,IONQ260717P00050000,,us_option,True,1,1,4.1,long,430,410,20,0.04878,20,0.04878,4.3,4.4,-0.02273
83ad2569-47ed-4f8c-9ceb-cab6c285e56a,IWM260710C00300000,,us_option,True,1,1,4.83,long,289,483,-194,-0.40166,-245,-0.4588,2.89,5.34,-0.4588
d5a05818-3aac-4d1f-a7ac-cd5caa002868,IWM260710C00303000,,us_option,True,1,1,4.49,long,246,449,-203,-0.45212,-56,-0.18543,2.46,3.02,-0.18543
8d7cfd51-117f-4222-8f56-7b7bdb3dbe96,JNJ260717C00260000,,us_option,True,1,1,4.25,long,420,425,-5,-0.01176,-5,-0.01176,4.2,1.8,1.33333
e318219b-4d93-4d62-94a1-29bf45d239d5,LYFT260717C00014500,,us_option,True,2,2,0.72,long,66,144,-78,-0.54167,-78,-0.54167,0.33,0.53,-0.37736
c3da84d2-a38f-4413-95d6-0d7b3a65dcf0,LYFT260717P00014000,,us_option,True,2,2,0.62,long,80,124,-44,-0.35484,-44,-0.35484,0.4,0.58,-0.31034
374783b3-d909-4512-9c5c-d27e109750fe,MDT260717C00082000,,us_option,True,2,2,1.79,long,210,358,-148,-0.41341,-80,-0.27586,1.05,1.45,-0.27586
acbeca53-a478-40b1-b875-1382962f3387,MDT260717C00082500,,us_option,True,2,2,1.6,long,200,320,-120,-0.375,32,0.19048,1,0.84,0.19048
9d490d2b-9db4-438b-80d6-d3965e842a36,MMM260717C00170000,,us_option,True,1,1,4.8,long,218,480,-262,-0.54583,-192,-0.46829,2.18,4.1,-0.46829
2361bf29-28c9-4689-9304-079eb0191513,MO260717C00072500,,us_option,True,2,2,2,long,456,400,56,0.14,12,0.02703,2.28,2.22,0.02703
6aff7ecf-6a62-42c6-8ce3-628092e9f257,MO260717C00074000,,us_option,True,3,3,1.46,long,441,438,3,0.00685,27,0.06522,1.47,1.38,0.06522
e15d68f8-4f71-4186-90fc-e4ce1c24c3cd,MRK260717C00130000,,us_option,True,1,1,2.78,long,247,278,-31,-0.11151,-31,-0.11151,2.47,1.74,0.41954
ec65cbc3-b464-4245-aabe-72a3fad2b850,NFLX260717P00072000,,us_option,True,1,1,3.4,long,253,340,-87,-0.25588,-124,-0.32891,2.53,3.77,-0.32891
0f5af04a-9243-4401-a296-a1b9f82f33bb,NFLX260717P00073000,,us_option,True,1,1,3.95,long,293,395,-102,-0.25823,-125,-0.29904,2.93,4.18,-0.29904
bb19d17b-2d0e-4a85-bacf-9aa2effb85d3,NKE260717P00040500,,us_option,True,2,2,2.04,long,386,408,-22,-0.05392,-22,-0.05392,1.93,2.05,-0.05854
18d01e71-549c-4d30-ad5a-cc70c66dca1b,NKE260717P00042000,,us_option,True,1,1,2.78,long,274,278,-4,-0.01439,-21,-0.07119,2.74,2.95,-0.07119
c33f0ece-d952-42c5-a6e8-c4e66cf296c2,NVDA260710P00190000,,us_option,True,1,1,3.8,long,415,380,35,0.09211,35,0.09211,4.15,3.25,0.27692
b48c9b53-8907-4492-81b7-b0434cfd5ac3,NVDA260717P00190000,,us_option,True,1,1,5,long,540,500,40,0.08,40,0.08,5.4,4.55,0.18681
fc496a4e-9d45-4e00-89b7-cc91401425fa,OKTA260710C00127000,,us_option,True,1,1,4.25,long,340,425,-85,-0.2,-85,-0.2,3.4,3.67,-0.07357
905eabe3-9e0e-4406-a848-e4d02ba34559,ORCL260710P00147000,,us_option,True,1,1,4.7,long,500,470,30,0.06383,62,0.14155,5,4.38,0.14155
1b22ed30-b93b-4cf0-a62d-48463e7f5bc8,ORCL260710P00148000,,us_option,True,1,1,4.95,long,550,495,55,0.11111,71,0.14823,5.5,4.79,0.14823
c31ae862-e09f-4e28-8946-3697674aea8f,PFE260717P00024500,,us_option,True,2,2,0.63,long,102,126,-24,-0.19048,-24,-0.19048,0.51,0.96,-0.46875
35dc66bf-cbba-459e-bd09-53afba4ba84b,PFE260717P00027500,,us_option,True,1,1,3.35,long,203,335,-132,-0.39403,-132,-0.39403,2.03,3.8,-0.46579
1d5cc589-6c43-42a5-9737-d1695b28700b,PG260717P00150000,,us_option,True,1,1,4.05,long,320,405,-85,-0.20988,-75,-0.18987,3.2,3.95,-0.18987
f475369d-1cda-4dc5-8147-3e07a4af8004,PLTR260710P00110000,,us_option,True,1,1,4.05,long,271,405,-134,-0.33086,-134,-0.33086,2.71,5.94,-0.54377
95832cd9-72f3-4e76-853b-7368efba3931,PLTR260717P00105000,,us_option,True,1,1,4.25,long,206,425,-219,-0.51529,-229,-0.52644,2.06,4.35,-0.52644
223b5121-af9d-46cd-9438-bed8bc288f06,RIVN260717C00015500,,us_option,True,3,3,0.96,long,303,288,15,0.05208,15,0.05208,1.01,0.49,1.06122
410682eb-639a-4b0c-8b6d-e3362015a962,RIVN260717P00015000,,us_option,True,2,2,1.25,long,122,250,-128,-0.512,-94,-0.43519,0.61,1.08,-0.43519
d5084311-dd14-46e8-bb55-a6a1d916ecd3,RTX260710C00190000,,us_option,True,1,1,4.05,long,250,405,-155,-0.38272,20,0.08696,2.5,2.3,0.08696
4f75e487-d09d-49f8-a791-1b9ddbd33740,RTX260717C00190000,,us_option,True,1,1,4.65,long,320,465,-145,-0.31183,-145,-0.31183,3.2,3.46,-0.07514
5cd215c3-82a4-4860-a239-30e5d65fe25f,SAP260710P00150000,,us_option,True,1,1,4.9,long,225,490,-265,-0.54082,-281,-0.55534,2.25,5.06,-0.55534
1b242d10-b6dd-4fcf-a7f4-3949e9666121,SAP260717P00146000,,us_option,True,1,1,4.4,long,200,440,-240,-0.54545,-190,-0.48718,2,3.9,-0.48718
574a0572-437e-4097-a8e3-62b932f088aa,SCHW260717P00087500,,us_option,True,2,2,2,long,214,400,-186,-0.465,-186,-0.465,1.07,1.43,-0.25175
262f9a20-a32b-4af1-9e3b-c44a988d2e81,SNY260717C00042500,,us_option,True,2,2,1,long,230,200,30,0.15,30,0.15,1.15,0.65,0.76923
7e67d2f7-7e25-445e-9d93-a93879458b81,SNY260717P00042500,,us_option,True,1,1,1.5,long,60,150,-90,-0.6,-63,-0.5122,0.6,1.23,-0.5122
bc13e732-ab57-4b7b-b382-977a450c327e,SO260717C00096000,,us_option,True,2,2,2.45,long,380,490,-110,-0.22449,-110,-0.22449,1.9,1.55,0.22581
b38e2b8c-a646-4244-b58a-cfe50966359a,SO260717C00097500,,us_option,True,2,2,1.5,long,260,300,-40,-0.13333,-40,-0.13333,1.3,1.02,0.27451
15ce2f1d-1afd-4cea-af78-352d89a80124,SOFI260717P00017000,,us_option,True,3,3,1.006667,long,168,302.0001,-134.0001,-0.44371,-84,-0.33333,0.56,0.84,-0.33333
63522234-5a0d-4fd2-8d65-54315a7783da,SOFI260717P00018000,,us_option,True,2,2,1.32,long,200,264,-64,-0.24242,-74,-0.27007,1,1.37,-0.27007
f4a4e992-e629-4885-a7e4-2a00bc047cb8,SPG260717C00230000,,us_option,True,1,1,3,long,295,300,-5,-0.01667,-5,-0.01667,2.95,3,-0.01667
28353ee0-5f79-4838-8c86-266c24aae11e,TGT260717C00141000,,us_option,True,1,1,4.7,long,320,470,-150,-0.31915,-15,-0.04478,3.2,3.35,-0.04478
995e375a-1542-4620-a73a-50dfb8cbd02c,TGT260717C00143000,,us_option,True,1,1,4.3,long,237,430,-193,-0.44884,-27,-0.10227,2.37,2.64,-0.10227
26847719-550a-46fc-8b23-89eba0e0928a,TLT260717C00083000,,us_option,True,1,1,4.9,long,425,490,-65,-0.13265,-30,-0.06593,4.25,4.55,-0.06593
ea2ea43a-cf0c-4586-9345-5889b65ba512,TLT260717C00085000,,us_option,True,1,1,2.86,long,236,286,-50,-0.17483,-10,-0.04065,2.36,2.46,-0.04065
9c086ca9-bd99-434b-a26b-94104ff8ee95,UBER260717C00075000,,us_option,True,1,1,3.1,long,320,310,10,0.03226,10,0.03226,3.2,1.45,1.2069
6bab2cc8-bfb1-4b40-ab52-df2e3f0092e5,UBER260717C00077500,,us_option,True,2,2,2.25,long,396,450,-54,-0.12,-54,-0.12,1.98,0.91,1.17582
b06ba8c5-80bb-486d-ad5e-58efc9665e60,V260710C00340000,,us_option,True,1,1,4.9,long,330,490,-160,-0.32653,-160,-0.32653,3.3,3.39,-0.02655
cab1cdb5-66f4-48ec-af43-47296a11dbfb,V260717C00345000,,us_option,True,1,1,4.45,long,287,445,-158,-0.35506,67,0.30455,2.87,2.2,0.30455
94df1905-83d4-42f5-9e4d-2d8d6e0c7134,WFC260717C00085000,,us_option,True,1,1,3.1,long,208,310,-102,-0.32903,-66,-0.24088,2.08,2.74,-0.24088
4002e0b5-e9f8-443e-9ecd-eab6e921460b,WFC260717C00087500,,us_option,True,2,2,2.37,long,232,474,-242,-0.51055,-98,-0.29697,1.16,1.65,-0.29697
f22f16da-cc19-4627-882d-95c75d2aa8f3,WMT260717P00115000,,us_option,True,2,2,2.06,long,442,412,30,0.07282,14,0.03271,2.21,2.14,0.03271
2dc57bd8-9285-4899-a325-fa4829878ece,WMT260717P00120000,,us_option,True,1,1,4.6,long,495,460,35,0.07609,14,0.02911,4.95,4.81,0.02911
cf8116a5-4be5-4378-bb70-a694453cef40,XLE260717C00054000,,us_option,True,1,1,1.27,long,112,127,-15,-0.11811,-15,-0.11811,1.12,1.4,-0.2
607fd26c-7712-4e46-a2a2-a733ed5c932c,XLE260717P00054000,,us_option,True,2,2,1.44,long,230,288,-58,-0.20139,-14,-0.05738,1.15,1.22,-0.05738
5858992a-d50d-483f-93ed-f895398fa73d,XOM260717P00135000,,us_option,True,1,1,3,long,252,300,-48,-0.16,1,0.00398,2.52,2.51,0.00398
deace7b9-f1d6-4394-b2bb-4298b6172a9b,XOM260717P00138000,,us_option,True,1,1,4.05,long,380,405,-25,-0.06173,-13,-0.03308,3.8,3.93,-0.03308
3a85b28f-818c-4f76-b0cf-310848cf2f65,ZM260724P00083000,,us_option,True,1,1,3.7,long,197,370,-173,-0.46757,-123,-0.38438,1.97,3.2,-0.38438
a1e96fe2-e28c-41b4-80ad-81ebf449d5e4,ZM260724P00084000,,us_option,True,1,1,4.55,long,227,455,-228,-0.5011,-193,-0.45952,2.27,4.2,-0.45952
2f6a91da-475e-4f6d-86f5-51bb79c4cf61,ZS260710P00120000,,us_option,True,1,1,4.25,long,105,425,-320,-0.75294,-283,-0.72938,1.05,3.88,-0.72938
2264f617-f67b-4061-a22b-af4bf4023078,ZS260717P00120000,,us_option,True,1,1,4.85,long,200,485,-285,-0.58763,-282,-0.58506,2,4.82,-0.58506
