submitted_at,filled_at,canceled_at,symbol,asset_class,side,order_type,qty,filled_qty,filled_avg_price,limit_price,stop_price,status,id
2026-06-17 14:29:45.023916+00:00,2026-06-17 14:29:45.098757+00:00,,IONQ260717P00060000,us_option,buy,market,3,3,8.15,,,filled,2613a52b-b9f4-46df-a08a-59c23542f0a9
2026-06-17 14:29:19.226543+00:00,2026-06-17 14:29:19.330926+00:00,,NVDA260717P00210000,us_option,buy,market,2,2,9.1,,,filled,49a6c67d-618d-4391-bbdb-84a8733d5bb4
2026-06-17 14:28:54.292641+00:00,2026-06-17 14:28:54.476356+00:00,,MO260717P00070000,us_option,buy,market,3,3,2.31,,,filled,1a2cbcd2-22ef-46b7-9507-6892ddd8da8f
2026-06-17 14:28:29.767462+00:00,2026-06-17 14:28:29.854080+00:00,,MSFT260717P00395000,us_option,buy,market,1,1,16.7,,,filled,7d7d16c5-07d1-4cee-b741-d302aec21774
2026-06-17 14:27:18.083132+00:00,2026-06-17 14:27:18.176784+00:00,,COP260717P00110000,us_option,buy,market,3,3,3.6,,,filled,60d50695-43f2-4732-ab10-704a70c769ba
2026-06-17 14:26:54.317706+00:00,2026-06-17 14:26:54.364481+00:00,,ZM260717P00090000,us_option,buy,market,3,3,4.25,,,filled,d78a56b5-3e15-4e17-9d59-aae4296ead03
2026-06-17 14:26:32.201428+00:00,2026-06-17 14:26:32.219981+00:00,,MRK260717P00115000,us_option,buy,market,2,2,3.6,,,filled,c33bf3e9-e77c-48d5-be55-c723d9a0563f
2026-06-17 14:25:20.027368+00:00,2026-06-17 14:25:20.100630+00:00,,KO260717P00080000,us_option,buy,market,3,3,1.95,,,filled,10932fe9-0160-488b-a53d-37ac97d2f2cc
2026-06-17 14:24:33.729239+00:00,2026-06-17 14:24:33.755663+00:00,,F260717P00015000,us_option,buy,market,3,3,1.06,,,filled,f9029544-cb26-43f4-b111-e029f36af14b
2026-06-17 14:24:10.808586+00:00,2026-06-17 14:24:10.921804+00:00,,CSCO260717P00120000,us_option,buy,market,3,3,5.9,,,filled,977e283c-1adb-4595-9eac-25a37d3431e5
2026-06-17 14:23:47.939074+00:00,2026-06-17 14:23:47.958797+00:00,,SNOW260717P00240000,us_option,buy,market,1,1,16.55,,,filled,4a0b9b1f-80c3-4cec-820b-2f9ddb13f98b
2026-06-17 14:23:03.835310+00:00,2026-06-17 14:23:03.887973+00:00,,CRM260717P00160000,us_option,buy,market,3,3,6.95,,,filled,467e8521-9cff-4e63-8652-c7ecdbfbd18c
2026-06-17 14:21:58.564391+00:00,2026-06-17 14:21:58.639865+00:00,,TSLA260717P00405000,us_option,buy,market,1,1,20.8,,,filled,445aa325-0d64-454e-84ae-82592a085d9e
2026-06-17 14:21:15.829017+00:00,2026-06-17 14:21:15.936699+00:00,,XLE260717P00055000,us_option,buy,market,3,3,1.7,,,filled,81cb615b-0ccd-4ed0-be8a-ea2135adff6b
2026-06-17 14:19:51.106247+00:00,2026-06-17 14:19:51.123643+00:00,,CVX260717P00180000,us_option,buy,market,3,3,5.75,,,filled,1d0f7d86-fa0f-497c-9ad4-7eec5a3607ab
2026-06-17 14:19:30.012110+00:00,2026-06-17 14:19:30.051922+00:00,,TLT260717C00080000,us_option,buy,market,1,1,6.5,,,filled,a08dea4b-a9c3-476b-9d0f-bfb829d89ebd
2026-06-17 14:19:09.236761+00:00,2026-06-17 14:19:09.331971+00:00,,GE260717C00360000,us_option,buy,market,1,1,15.7,,,filled,141f8a7d-4993-4f4b-afd5-e49ed6577f28
2026-06-17 14:18:48.887166+00:00,2026-06-17 14:18:48.927853+00:00,,AVGO260717C00400000,us_option,buy,market,1,1,18.9,,,filled,4138be00-f2e4-4edc-8754-cb275621e6a5
2026-06-17 14:18:29.208738+00:00,2026-06-17 14:18:29.281285+00:00,,PLTR260717C00130000,us_option,buy,market,2,2,10.55,,,filled,a5567190-6577-4ea1-ab0b-83e30125e10f
2026-06-17 13:34:36.215650+00:00,2026-06-17 13:34:36.228747+00:00,,SNOW260717C00250000,us_option,sell,market,1,1,9,,,filled,a9df439c-89c2-46b4-98bc-49c510f4fcff
2026-06-17 13:34:26.727443+00:00,2026-06-17 13:34:26.813144+00:00,,NET260717C00250000,us_option,sell,market,2,2,6.8,,,filled,40ba2bf0-c2ff-4e0e-8715-454aa4372406
2026-06-16 17:02:04.494477+00:00,2026-06-16 17:02:04.536469+00:00,,NEE260717C00087500,us_option,sell,market,1,1,1.86,,,filled,a49dc1c7-5d80-4d8c-a1b9-4d8e2db32638
2026-06-16 15:58:12.026821+00:00,2026-06-16 15:58:12.077849+00:00,,TLT260717C00084000,us_option,buy,market,2,2,2.6,,,filled,5c563090-5399-44f1-98a6-b887e6a253c5
2026-06-16 15:13:26.571198+00:00,2026-06-16 15:13:26.624248+00:00,,PEP260717C00145000,us_option,sell,market,1,1,5.1,,,filled,e2095e66-eecc-4b76-871e-6441a453c8f9
2026-06-16 15:00:36.227511+00:00,2026-06-16 15:00:36.247980+00:00,,ESTC260717P00060000,us_option,buy,market,2,2,4.2,,,filled,a671234f-7d9a-4371-8139-ea2c042a330e
2026-06-16 14:59:19.203012+00:00,2026-06-16 14:59:19.292663+00:00,,WBD260717C00027000,us_option,sell,market,1,1,0.8,,,filled,b7f7277e-737a-4f6d-a140-834101450d3c
2026-06-16 14:38:37.028285+00:00,2026-06-16 14:38:37.087468+00:00,,SMH260710C00662500,us_option,buy,market,1,1,23.9,,,filled,c39c6af0-5a47-4780-841e-fad7d2491a77
2026-06-16 14:38:18.638479+00:00,2026-06-16 14:38:18.657944+00:00,,XLF260717C00050000,us_option,buy,market,3,3,4.3,,,filled,2a8e187d-8fc0-4b1d-9034-b0ef435a871f
2026-06-16 14:37:59.763543+00:00,2026-06-16 14:37:59.827783+00:00,,META260717C00600000,us_option,buy,market,1,1,21.25,,,filled,17a5b1d2-4c01-44f3-9b06-c99a5efb9949
2026-06-16 14:36:09.231723+00:00,2026-06-16 14:36:09.343840+00:00,,ESTC260717C00065000,us_option,sell,market,2,2,2,,,filled,a9e8d3fa-7c9a-43a4-af85-3fb132b457ea
2026-06-16 14:35:42.321327+00:00,2026-06-16 14:35:42.342677+00:00,,META260717C00620000,us_option,sell,market,1,1,13.5,,,filled,f449c9d5-3ab8-4c0f-8020-0b4c7b2c0b04
2026-06-16 14:35:37.029761+00:00,2026-06-16 14:35:37.136947+00:00,,SMH260717C00640000,us_option,sell,market,1,1,35.7,,,filled,b1421f07-55b2-411c-ac81-c2f282e83531
2026-06-16 13:56:31.398922+00:00,2026-06-16 13:56:31.435290+00:00,,JNJ260717P00230000,us_option,buy,market,2,2,5.7,,,filled,8a11e0d8-c41f-4512-b3f3-a56952eabdc8
2026-06-16 13:56:13.448922+00:00,2026-06-16 13:56:13.537235+00:00,,SNOW260717C00250000,us_option,buy,market,1,1,15.5,,,filled,1925ad55-ba7f-4a89-ae3b-da021553014a
2026-06-16 13:55:54.550036+00:00,2026-06-16 13:55:54.631128+00:00,,NKE260717C00047500,us_option,buy,market,2,2,2.2,,,filled,89262d4c-de92-4e6b-9e86-580270f2b463
2026-06-16 13:55:35.217130+00:00,2026-06-16 13:55:35.239805+00:00,,INTC260717C00130000,us_option,buy,market,1,1,12.25,,,filled,2b75392c-ce3f-4d20-adc5-0196a5b1b165
2026-06-16 13:52:51.071362+00:00,2026-06-16 13:52:51.114791+00:00,,PFE260717C00026000,us_option,sell,market,1,1,0.51,,,filled,fdb3443f-a052-4340-b15c-9b825727c785
2026-06-16 13:31:18.161340+00:00,2026-06-16 13:31:18.313399+00:00,,INTC260717C00120000,us_option,sell,market,3,3,15.35,,,filled,89392e3c-9cab-4351-9029-8f1d2cfe9532
2026-06-15 18:14:58.437159+00:00,2026-06-15 18:14:58.544112+00:00,,XLF260717C00054000,us_option,sell,market,1,1,0.81,,,filled,8f51896f-b60d-46df-8343-5c9861c938d1
2026-06-15 16:07:00.358592+00:00,2026-06-15 16:07:00.453051+00:00,,ESTC260717C00065000,us_option,buy,market,2,2,3.8,,,filled,a76f9af5-80e4-420e-bb93-02430088729b
2026-06-15 15:58:32.947991+00:00,2026-06-15 15:58:33.064373+00:00,,LLY260717P01080000,us_option,buy,market,1,1,22.1,,,filled,c137e6f1-2e95-4782-ae27-d189bb4ea380
2026-06-15 15:58:13.708155+00:00,2026-06-15 15:58:13.795492+00:00,,SAP260717P00160000,us_option,buy,market,2,2,5.1,,,filled,ae57606d-e72b-4eca-aca8-4eb9952a0d15
2026-06-15 15:57:54.602196+00:00,2026-06-15 15:57:54.708040+00:00,,UBER260717C00075000,us_option,buy,market,2,2,2.35,,,filled,695169b5-4c29-44e9-a3a1-5add83b07e95
2026-06-15 15:57:35.950853+00:00,2026-06-15 15:57:35.982703+00:00,,ADBE260717P00200000,us_option,buy,market,2,2,5.5,,,filled,b8df72d7-a1a2-4ce3-b4c2-9be528465141
2026-06-15 15:57:17.548585+00:00,2026-06-15 15:57:17.623863+00:00,,TXN260717C00320000,us_option,buy,market,1,1,15.15,,,filled,f94ea609-7e56-4528-994a-ca346a2b3d50
2026-06-15 15:56:59.495155+00:00,2026-06-15 15:56:59.607753+00:00,,IBM260717P00260000,us_option,buy,market,2,2,8.6,,,filled,87345def-f805-4f86-9190-e25ec7e35d79
2026-06-15 15:56:41.870752+00:00,2026-06-15 15:56:41.912722+00:00,,ORCL260717P00190000,us_option,buy,market,1,1,10.35,,,filled,400d89a2-425e-4dc1-b53f-86d70d2cf5d0
2026-06-15 15:56:23.967300+00:00,2026-06-15 15:56:24.037379+00:00,,COIN260710C00170000,us_option,buy,market,1,1,14.65,,,filled,87f32caa-29a6-41d4-8e80-414a9b1a2347
2026-06-15 15:56:06.946953+00:00,2026-06-15 15:56:07.011580+00:00,,NET260717C00250000,us_option,buy,market,2,2,11.45,,,filled,7c9c7d9c-6839-4abd-8ff0-bc1555e412ee
2026-06-15 15:51:28.326270+00:00,2026-06-15 15:51:28.414559+00:00,,ORCL260717P00200000,us_option,sell,market,1,1,15.1,,,filled,27c65141-f591-4c3f-9530-db003645e049
2026-06-15 15:22:48.634084+00:00,2026-06-15 15:22:48.707374+00:00,,NEE260717C00087500,us_option,buy,market,1,1,1.81,,,filled,6c063403-caa7-41c3-9a9a-a89a070f2a59
2026-06-15 15:02:57.557166+00:00,2026-06-15 15:02:57.652837+00:00,,AMD260717C00430000,us_option,sell,market,1,1,127.6,,,filled,67d42cae-bf31-4736-873e-385acd1dcb5f
2026-06-15 15:02:52.339833+00:00,2026-06-15 15:02:54.182944+00:00,,LLY,us_equity,sell,market,4,4,1133.16,,,filled,568d23a3-c183-476c-88ed-37b0335e6218
2026-06-15 15:01:14.322275+00:00,2026-06-15 15:01:14.411869+00:00,,CVX260717P00190000,us_option,buy,market,2,2,11.2,,,filled,8a7b5227-3073-496a-958c-3939f816357e
2026-06-15 15:00:58.437774+00:00,2026-06-15 15:00:58.538977+00:00,,WBD260717C00027000,us_option,buy,market,1,1,1.37,,,filled,ad4e2e1b-cad3-4a72-89bd-215b8611829c
2026-06-15 15:00:42.269395+00:00,2026-06-15 15:00:42.390206+00:00,,XLE260717P00057000,us_option,buy,market,2,2,2.46,,,filled,4973fb05-9509-4105-804e-e238d43b8d3f
2026-06-15 15:00:24.356707+00:00,2026-06-15 15:00:24.402820+00:00,,SPY260710C00736000,us_option,buy,market,1,1,23.85,,,filled,a7c3c58b-a2ad-406e-ad2d-1c98e11eb48f
2026-06-15 15:00:03.826791+00:00,2026-06-15 15:00:03.858999+00:00,,XLK260717C00170000,us_option,buy,market,1,1,23.15,,,filled,2f4a3333-73f6-41d4-86d1-ff097fe856e4
2026-06-15 14:59:46.010775+00:00,2026-06-15 14:59:46.114866+00:00,,GOOGL260717C00375000,us_option,buy,market,1,1,12.35,,,filled,d2e6ecbf-4b9f-4903-a5e4-95873eda134b
2026-06-15 14:59:30.873347+00:00,2026-06-15 14:59:30.951398+00:00,,TGT260717C00125000,us_option,buy,market,2,2,12,,,filled,6258999e-9ad5-4ae6-8efb-6617b1aad5c9
2026-06-15 14:59:15.724376+00:00,2026-06-15 14:59:15.772611+00:00,,DIS260717C00105000,us_option,buy,market,1,1,1.49,,,filled,389786f3-8f26-4c53-9beb-c24f8557a395
2026-06-15 14:59:01.143401+00:00,2026-06-15 14:59:01.261350+00:00,,SCHW260717C00092500,us_option,buy,market,2,2,3.25,,,filled,127ddf63-bd4b-4c33-8bf1-5b5433bbfbb1
2026-06-15 14:58:46.656589+00:00,2026-06-15 14:58:46.904233+00:00,,BA260717C00230000,us_option,buy,market,2,2,8.95,,,filled,49bc7bfc-1130-4179-8ac5-262b39e8e1cf
2026-06-15 14:58:32.375709+00:00,2026-06-15 14:58:32.492111+00:00,,XOM260717P00155000,us_option,buy,market,1,1,14.9,,,filled,61e794b1-292e-40e4-892d-0913cb91b74c
2026-06-15 14:58:18.580368+00:00,2026-06-15 14:58:18.615032+00:00,,OXY260717P00055000,us_option,buy,market,2,2,2.39,,,filled,2a758caa-8588-4465-830f-8f34a9b4883b
2026-06-15 14:58:05.063008+00:00,2026-06-15 14:58:05.171720+00:00,,WFC260717C00085000,us_option,buy,market,1,1,2.71,,,filled,34a96d1b-2018-48f9-8786-4f95e025982f
2026-06-15 14:57:51.803854+00:00,2026-06-15 14:57:51.822755+00:00,,GE260717C00340000,us_option,buy,market,1,1,19.4,,,filled,1156ebce-3cfd-42e6-b115-04a7aebfb35f
2026-06-15 14:57:38.789673+00:00,2026-06-15 14:57:38.889913+00:00,,PFE260717C00026000,us_option,buy,market,1,1,0.9,,,filled,c7a427c0-8a42-4b64-aec6-a0b17b8b06a4
2026-06-15 14:57:25.965088+00:00,2026-06-15 14:57:26.026947+00:00,,IWM260710C00310000,us_option,buy,market,2,2,1.72,,,filled,cb6d4b91-bcd6-42a8-9a93-00ab9a716c1f
2026-06-15 14:57:13.554036+00:00,2026-06-15 14:57:13.664847+00:00,,META260717C00620000,us_option,buy,market,1,1,14.1,,,filled,f5fb9862-03d9-4d3b-890a-08bc2a5af444
2026-06-15 14:57:01.418115+00:00,2026-06-15 14:57:01.518072+00:00,,QQQ260710C00745000,us_option,buy,market,1,1,16.62,,,filled,8283c381-75ff-4961-9bef-28147a78d505
2026-06-15 14:56:49.644054+00:00,2026-06-15 14:56:49.727812+00:00,,BAC260717C00055000,us_option,buy,market,2,2,2.6,,,filled,77e3d247-cdbd-4f10-90ff-fb336a975040
2026-06-15 14:56:38.168473+00:00,2026-06-15 14:56:38.210423+00:00,,DIA260710C00516000,us_option,buy,market,2,2,9.45,,,filled,c1616781-a993-438e-aa0a-ba6b436ce434
2026-06-15 13:54:05.361810+00:00,2026-06-15 13:54:05.507335+00:00,,BAC260717C00057500,us_option,sell,market,1,1,1.24,,,filled,4a4d1bca-e329-48d5-960f-424b2f7b6712
2026-06-15 13:33:48.417525+00:00,2026-06-15 13:33:48.427714+00:00,,CVX260717C00195000,us_option,sell,market,1,1,1.2,,,filled,5a245328-aff7-40cc-a350-5b081c96b78c
2026-06-12 19:12:38.774684+00:00,2026-06-12 19:12:38.834095+00:00,,CVX260717C00195000,us_option,buy,market,1,1,3.7,,,filled,8cb106a7-5e56-47b6-bda0-bbd2b2a3c66e
2026-06-12 18:59:58.269462+00:00,2026-06-12 18:59:58.275597+00:00,,IWM260717C00296000,us_option,sell,market,1,1,6.96,,,filled,ced24914-b689-425a-9555-47ffea5bff2c
2026-06-12 14:01:21.312401+00:00,2026-06-12 14:01:21.377346+00:00,,PEP260717C00145000,us_option,buy,market,1,1,4.35,,,filled,c0a0da23-beb6-4198-93fc-1a4a8b061c0f
2026-06-12 14:01:09.361546+00:00,2026-06-12 14:01:09.391204+00:00,,SMH260717C00640000,us_option,buy,market,1,1,30.3,,,filled,aedd5a59-5661-46f7-8611-3c570d5e340c
2026-06-12 14:00:55.880346+00:00,2026-06-12 14:00:55.979443+00:00,,XLF260717C00054000,us_option,buy,market,1,1,0.7,,,filled,58628f46-a904-40fb-91e0-a646c9ed91cf
2026-06-12 14:00:43.900646+00:00,2026-06-12 14:00:43.953095+00:00,,JPM260717C00315000,us_option,buy,market,2,2,12.65,,,filled,567176b6-07ae-43ff-9397-9596f7bf471c
2026-06-12 14:00:31.972964+00:00,2026-06-12 14:00:32.024980+00:00,,ORCL260717P00200000,us_option,buy,market,1,1,25.35,,,filled,b04ddc37-d904-4a43-99b4-27b7da8aef45
2026-06-12 14:00:18.147985+00:00,2026-06-12 14:00:18.167365+00:00,,NFLX260717P00090000,us_option,buy,market,2,2,11.5,,,filled,17de01f9-62ff-4b1a-b80a-3fe938bc24a4
2026-06-12 14:00:05.159139+00:00,2026-06-12 14:00:05.219338+00:00,,TSLA260717C00370000,us_option,buy,market,1,1,41.95,,,filled,6159526a-1431-49ea-9476-c3d2d6589098
2026-06-12 13:47:01.646042+00:00,2026-06-12 13:47:01.759925+00:00,,NKE260717C00042500,us_option,sell,market,1,1,4.55,,,filled,338d4770-7214-4665-9f30-a6316846631a
2026-06-12 13:31:53.695735+00:00,2026-06-12 13:31:53.857967+00:00,,BA260717C00225000,us_option,sell,market,2,2,7.45,,,filled,985570ee-c4e0-4593-ae14-7fe9e1521087
2026-06-11 19:52:30.934727+00:00,2026-06-11 19:52:30.998759+00:00,,TXN260717C00300000,us_option,sell,market,2,2,16.9,,,filled,ac777ca2-bbb6-45db-af38-8fbbaae30962
2026-06-11 19:52:14.140753+00:00,2026-06-11 19:52:14.243501+00:00,,PFE260717C00026000,us_option,sell,market,1,1,0.88,,,filled,ad04fb6e-bd8f-4a88-af20-47917cc32369
2026-06-11 19:51:55.823004+00:00,2026-06-11 19:51:55.926088+00:00,,JNJ260717C00230000,us_option,sell,market,2,2,12.55,,,filled,9c9c10d2-966e-49cb-9d14-ee2e5f443851
2026-06-11 19:36:30.146421+00:00,2026-06-11 19:36:30.198683+00:00,,GOOGL260717P00345000,us_option,sell,market,2,2,8.45,,,filled,d3a35b1d-b7d1-49b6-a8b0-6e27fd7f5ddd
2026-06-11 18:47:13.534728+00:00,2026-06-11 18:47:13.595463+00:00,,DUK260717C00130000,us_option,sell,market,1,1,1.05,,,filled,832278f7-b097-483f-82aa-05ec73e825f6
2026-06-11 18:31:13.609633+00:00,2026-06-11 18:31:13.688064+00:00,,BA260717C00225000,us_option,buy,market,2,2,7.5,,,filled,291a41b7-3945-44a6-ae95-314ed0181942
2026-06-11 18:28:11.577418+00:00,2026-06-11 18:28:11.615252+00:00,,SAP260717P00195000,us_option,sell,market,3,3,30.6,,,filled,cc3080d1-03e3-49a5-831f-3e64bb9483de
2026-06-11 18:12:54.445697+00:00,2026-06-11 18:12:54.503299+00:00,,DUK260717C00130000,us_option,buy,market,1,1,1.35,,,filled,ac727f65-ad58-47bf-a3f2-5a818e707ec4
2026-06-11 18:12:43.723848+00:00,2026-06-11 18:12:43.784940+00:00,,SOFI260717P00016000,us_option,buy,market,2,2,1.05,,,filled,ea1033a9-d471-4779-90ad-50bfdf9ad030
2026-06-11 18:09:37.244599+00:00,2026-06-11 18:09:37.289832+00:00,,SMH260717C00620000,us_option,sell,market,2,2,29.6,,,filled,8b27e16f-f193-447e-a6d7-a8333d42a3d7
2026-06-11 18:09:34.386877+00:00,2026-06-11 18:09:34.528184+00:00,,TGT260717C00135000,us_option,sell,market,2,2,3.6,,,filled,b8c23ccd-ed71-4487-92b0-d779b2245dc7
2026-06-11 17:54:24.065710+00:00,2026-06-11 17:54:24.146183+00:00,,SO260717C00080000,us_option,buy,market,1,1,15.2,,,filled,6f4d1f83-0478-4d65-8e1c-d9606f44fb35
2026-06-11 17:54:12.418910+00:00,2026-06-11 17:54:12.558037+00:00,,SPG260717C00190000,us_option,buy,market,1,1,28.3,,,filled,1c759159-8bcd-42ca-921d-66e05b71f0f1
2026-06-11 17:54:01.151281+00:00,2026-06-11 17:54:01.250283+00:00,,MMM260717C00160000,us_option,buy,market,2,2,5.6,,,filled,3de53782-f0bf-46a7-90f2-53fd46bd9a5f
2026-06-11 17:53:50.205742+00:00,2026-06-11 17:53:50.298662+00:00,,TXN260717C00300000,us_option,buy,market,2,2,18.05,,,filled,c7797580-f04f-471e-a001-9094ccac2e07
2026-06-11 17:53:39.833351+00:00,2026-06-11 17:53:39.884008+00:00,,MRK260717C00110000,us_option,buy,market,2,2,13.3,,,filled,bbd658a8-39c6-4af4-94ca-0cd27bd66f3f
2026-06-11 17:53:29.476203+00:00,2026-06-11 17:53:29.605660+00:00,,BAC260717C00057500,us_option,buy,market,1,1,1.13,,,filled,927a778e-cab2-4c31-a222-a4ee464753e2
2026-06-11 17:53:19.763210+00:00,2026-06-11 17:53:19.834841+00:00,,AVGO260717P00410000,us_option,buy,market,1,1,38.7,,,filled,1ce09772-8201-44d2-96dc-12d60890e169
2026-06-11 17:53:10.108769+00:00,2026-06-11 17:53:10.216255+00:00,,GOOGL260717P00345000,us_option,buy,market,2,2,10.8,,,filled,1f8760c7-ad19-4d7f-8ced-ab5d85889097
2026-06-11 17:53:00.898533+00:00,2026-06-11 17:53:00.966367+00:00,,RIVN260717P00015000,us_option,buy,market,3,3,1.03,,,filled,9d3c5cc6-392f-4c70-bd29-0af9397f319d
2026-06-11 17:52:51.851358+00:00,2026-06-11 17:52:51.909485+00:00,,WMT260717C00125000,us_option,buy,market,2,2,2.43,,,filled,60ba4acb-468f-4f16-843e-86f35683750d
2026-06-11 17:52:43.019150+00:00,2026-06-11 17:52:43.093334+00:00,,C260717C00120000,us_option,buy,market,2,2,19.5,,,filled,8b98b9c6-c247-4b57-ae96-7a9271215d0a
2026-06-11 17:52:34.721821+00:00,2026-06-11 17:52:34.844718+00:00,,IWM260717C00296000,us_option,buy,market,1,1,5.8,,,filled,ba25b5c3-a4d4-4c20-91a1-ebbc2b586ef4
2026-06-11 17:45:30.277385+00:00,2026-06-11 17:45:30.366714+00:00,,ORCL260717P00190000,us_option,sell,market,2,2,18.7,,,filled,e69653a4-739e-4491-a4c4-f63f555ad7cc
2026-06-11 17:45:23.373635+00:00,2026-06-11 17:45:23.461467+00:00,,GE260717P00320000,us_option,sell,market,2,2,11.35,,,filled,e58513f0-1ecf-4a3d-bfeb-37251b5a4293
2026-06-11 17:45:18.085686+00:00,2026-06-11 17:45:18.171845+00:00,,OXY260717C00060000,us_option,sell,market,1,1,1.3,,,filled,5a557db3-492c-47ed-8d1b-2d34926eed27
2026-06-11 17:45:15.884674+00:00,2026-06-11 17:45:16.008077+00:00,,NET260717P00220000,us_option,sell,market,2,2,14.55,,,filled,a8ef5053-46c2-4a0d-bd00-f306a1b2c25c
2026-06-11 17:45:12.994108+00:00,2026-06-11 17:45:13.188784+00:00,,IBM260717P00325000,us_option,sell,market,2,2,49.7,,,filled,31794b1e-f2ef-4b5d-91f0-3caaefe3e4e3
2026-06-11 17:45:08.178181+00:00,2026-06-11 17:45:08.264843+00:00,,CVX260717C00195000,us_option,sell,market,1,1,3.75,,,filled,350420a6-07e9-4fa2-aa46-2de423645663
2026-06-11 17:45:01.181772+00:00,2026-06-11 17:45:01.211024+00:00,,XLK260717P00175000,us_option,sell,market,2,2,5.1,,,filled,a1ea2f67-c901-4e48-94a6-1912c07f8c42
2026-06-11 17:44:55.620210+00:00,2026-06-11 17:44:55.856636+00:00,,ADBE260717P00225000,us_option,sell,market,3,3,14.6,,,filled,93316072-02eb-4f90-bbf3-44361ad1791c
2026-06-11 17:44:51.200041+00:00,2026-06-11 17:44:51.250440+00:00,,TSLA260717P00380000,us_option,sell,market,2,2,16.45,,,filled,fec52711-4ce6-4b8e-8e0b-8ae42746d110
2026-06-11 17:44:50.126045+00:00,2026-06-11 17:44:50.165701+00:00,,UBER260717P00070000,us_option,sell,market,2,2,3.35,,,filled,4d22662d-8a2c-4656-98f8-e5ae2486ccb1
2026-06-11 17:44:48.265317+00:00,2026-06-11 17:44:48.355319+00:00,,XLE260717C00060000,us_option,sell,market,1,1,0.9,,,filled,e118ecc1-5315-4613-90fa-9fecfbedf5e0
2026-06-11 17:44:46.377739+00:00,2026-06-11 17:44:46.416052+00:00,,META260717P00650000,us_option,sell,market,1,1,83.25,,,filled,91edd215-8f2a-4a2d-81bd-294d5610262a
2026-06-11 17:28:38.360832+00:00,2026-06-11 17:28:38.392320+00:00,,PLTR260717P00125000,us_option,buy,market,3,3,6.15,,,filled,d75b9a8d-b083-46eb-b652-c8edb55fd91f
2026-06-11 17:20:30.237314+00:00,2026-06-11 17:20:30.352253+00:00,,PEP260717C00150000,us_option,sell,market,1,1,3.05,,,filled,52af9726-e78b-473b-9b7f-0b594883e6e7
2026-06-11 16:38:29.298109+00:00,2026-06-11 16:38:29.323408+00:00,,ORCL260717P00190000,us_option,buy,market,2,2,19.6,,,filled,83f7cd5d-abbc-465b-b04b-28f95447ca12
2026-06-11 16:38:17.948582+00:00,2026-06-11 16:38:18.026997+00:00,,PFE260717C00026000,us_option,buy,market,1,1,0.93,,,filled,f0472f16-ba2e-47c0-8d1d-f89ac2aea00c
2026-06-11 16:24:18.931314+00:00,2026-06-11 16:24:19.090733+00:00,,OKTA260717P00115000,us_option,buy,market,3,3,7.65,,,filled,6c71e7b5-0e16-4bb3-866e-5a688c7885cf
2026-06-11 16:20:09.175135+00:00,2026-06-11 16:20:09.201606+00:00,,GOOGL260717P00345000,us_option,sell,market,2,2,11.35,,,filled,202a439d-0602-4ad2-ada1-add44d04e911
2026-06-11 16:20:04.265060+00:00,2026-06-11 16:20:04.396067+00:00,,AVGO260717P00430000,us_option,sell,market,2,2,56.1,,,filled,9e8d8c09-42b1-4835-bbee-5700858c10c0
2026-06-11 16:19:57.669676+00:00,2026-06-11 16:19:57.728471+00:00,,PLTR260717P00145000,us_option,sell,market,3,3,17.4,,,filled,11a8fcf9-c6bc-4872-80b8-d76e17162590
2026-06-11 16:04:22.396928+00:00,2026-06-11 16:04:22.508003+00:00,,INTU260821P00310000,us_option,buy,market,3,3,50.3,,,filled,4e565542-9b29-4da9-bade-323f804244d3
2026-06-11 15:58:06.885791+00:00,2026-06-11 15:58:06.935107+00:00,,DUK260717C00130000,us_option,sell,market,1,1,1.25,,,filled,5c360f0b-a733-486d-a4e2-bc97771cec19
2026-06-11 15:41:34.325940+00:00,2026-06-11 15:41:34.366983+00:00,,GE260717P00320000,us_option,buy,market,2,2,15.6,,,filled,a1714035-73e0-40c0-b413-3e42e700c435
2026-06-11 15:34:09.404107+00:00,2026-06-11 15:34:09.447027+00:00,,SOFI260717P00016000,us_option,sell,market,3,3,1.16,,,filled,1b4a3a74-2075-4e4d-8e13-78d72196be65
2026-06-11 15:17:48.477358+00:00,2026-06-11 15:17:48.530231+00:00,,DUK260717C00130000,us_option,buy,market,1,1,1.55,,,filled,1ced3aa0-2394-43af-a587-cfea27933ef3
2026-06-11 15:10:23.108497+00:00,2026-06-11 15:10:23.136571+00:00,,RIVN260717P00015000,us_option,sell,market,3,3,1.12,,,filled,be701136-1ff1-474f-8a8f-7588ba1ef5b5
2026-06-11 14:53:41.244515+00:00,2026-06-11 14:53:41.317635+00:00,,GM260717P00080000,us_option,buy,market,3,3,4.05,,,filled,79245d91-4d4a-4fd9-b9c4-2c5731b366fd
2026-06-11 14:53:29.850411+00:00,2026-06-11 14:53:29.942839+00:00,,ZS260821P00135000,us_option,buy,market,3,3,21.2,,,filled,be13442c-42ca-4873-bf37-6f6e6cc273c1
2026-06-11 14:53:18.742283+00:00,2026-06-11 14:53:18.802251+00:00,,OXY260717C00060000,us_option,buy,market,1,1,1.95,,,filled,ef951871-9198-428c-8af1-ff7e7d105af8
2026-06-11 14:44:22.894052+00:00,2026-06-11 14:44:22.917392+00:00,,WMT260717C00125000,us_option,sell,market,1,1,2.52,,,filled,430fa818-8ce9-42de-b82f-a09f028d2d82
2026-06-11 14:44:11.580357+00:00,2026-06-11 14:44:11.623835+00:00,,ORCL260717P00190000,us_option,sell,market,2,2,17.45,,,filled,c4f5bdd5-4458-4831-894f-121c32737f96
2026-06-11 14:43:59.843357+00:00,2026-06-11 14:43:59.949322+00:00,,PFE260717C00027000,us_option,sell,market,1,1,0.45,,,filled,d6a8c725-dbf1-405e-b39a-cd72d85edc16
2026-06-11 14:09:56.672056+00:00,2026-06-11 14:09:56.772802+00:00,,NET260717P00220000,us_option,buy,market,2,2,16,,,filled,f2d15f23-5e6a-416c-a1b7-d81201eee3da
2026-06-11 14:09:45.243692+00:00,2026-06-11 14:09:45.567101+00:00,,ZM260717P00105000,us_option,buy,market,3,3,14.25,,,filled,595bb4dd-4e57-47df-af7b-7bd80449abd4
2026-06-11 14:09:34.186426+00:00,2026-06-11 14:09:34.272382+00:00,,IBM260717P00325000,us_option,buy,market,2,2,54.15,,,filled,800e9aeb-d5bf-4d11-9e59-6d93d6a6fa33
2026-06-11 14:09:23.391640+00:00,2026-06-11 14:09:23.429541+00:00,,SAP260717P00195000,us_option,buy,market,3,3,32.3,,,filled,ebeca874-9baa-44ff-be33-81abc33e92e6
2026-06-11 14:09:12.884769+00:00,2026-06-11 14:09:12.933318+00:00,,COST260717C00930000,us_option,buy,market,1,1,69.8,,,filled,ccb55795-c06f-4583-b7e7-9ad6921d1919
2026-06-11 14:09:02.753659+00:00,2026-06-11 14:09:02.824012+00:00,,CVX260717C00195000,us_option,buy,market,1,1,5.6,,,filled,9c09e51e-b954-4a38-8390-d0847635eeb2
2026-06-11 14:08:52.785743+00:00,2026-06-11 14:08:52.856452+00:00,,RIVN260717P00015000,us_option,buy,market,3,3,1.2,,,filled,f07644ac-b406-45e6-a84f-8ece8c80a5a8
2026-06-11 14:08:43.095915+00:00,2026-06-11 14:08:43.172615+00:00,,LYFT260821P00013000,us_option,buy,market,3,3,1.25,,,filled,4927e471-27c8-4f07-8ce9-33f96b2d8fbb
2026-06-11 14:08:33.830814+00:00,2026-06-11 14:08:33.848721+00:00,,NKE260717C00042500,us_option,buy,market,1,1,4.4,,,filled,d6fc43c3-cc90-4d2b-b816-cca04ce57537
2026-06-11 14:08:24.870066+00:00,2026-06-11 14:08:24.951600+00:00,,SOFI260717P00016000,us_option,buy,market,3,3,1.21,,,filled,4bb2ca7e-0c0f-4f83-9b6e-3d64352d1b36
2026-06-11 14:08:16.116739+00:00,2026-06-11 14:08:16.152020+00:00,,XLK260717P00175000,us_option,buy,market,2,2,6.65,,,filled,d173af25-cc57-4050-836f-6102af1681d6
2026-06-11 14:08:07.842368+00:00,2026-06-11 14:08:07.881248+00:00,,SMH260717C00620000,us_option,buy,market,2,2,31.3,,,filled,e07b3147-c86e-433b-8ce2-dd6c74000041
2026-06-11 14:07:59.307937+00:00,2026-06-11 14:07:59.422368+00:00,,CRWD260724C00555000,us_option,buy,market,1,1,134.45,,,filled,9cd22113-f8c4-4a29-95b5-e67becd8c4f9
2026-06-11 14:07:51.307476+00:00,2026-06-11 14:07:51.448277+00:00,,WMT260717C00125000,us_option,buy,market,1,1,2.44,,,filled,29afe18e-3668-4964-8f3b-fb01f684b6e7
2026-06-11 14:07:43.708167+00:00,2026-06-11 14:07:43.769826+00:00,,ADBE260717P00225000,us_option,buy,market,3,3,13.9,,,filled,45b0e7b5-7bc1-46f2-8681-c6f4e31602be
2026-06-11 14:07:36.932188+00:00,2026-06-11 14:07:37.010577+00:00,,GOOGL260717P00345000,us_option,buy,market,2,2,11.6,,,filled,5b2fcf7d-6652-4e3a-94b2-3a1186506472
2026-06-11 14:07:30.761670+00:00,2026-06-11 14:07:30.956517+00:00,,TGT260717C00135000,us_option,buy,market,2,2,3.25,,,filled,4f8179d0-6bb8-4647-8466-d58ff48e2585
2026-06-11 14:07:24.733670+00:00,2026-06-11 14:07:24.806105+00:00,,DDOG260717C00230000,us_option,buy,market,2,2,20.35,,,filled,c3f2b507-f32a-4e96-bdf7-4791b183759d
2026-06-11 14:07:18.963701+00:00,2026-06-11 14:07:19.111468+00:00,,AVGO260717P00430000,us_option,buy,market,2,2,57.5,,,filled,bef1825f-e85a-4241-b95f-30b4dd01ab9a
2026-06-11 14:07:12.680542+00:00,2026-06-11 14:07:12.895504+00:00,,TSLA260717P00380000,us_option,buy,market,2,2,19,,,filled,55982954-250d-453d-8d49-285785b013c6
2026-06-11 14:07:07.205941+00:00,2026-06-11 14:07:07.269856+00:00,,ORCL260717P00190000,us_option,buy,market,2,2,18.05,,,filled,2c71011e-604d-4270-931b-2bccf29061b4
2026-06-11 14:07:01.329203+00:00,2026-06-11 14:07:01.395441+00:00,,PEP260717C00150000,us_option,buy,market,1,1,3.1,,,filled,9013efd5-8eca-479c-a68a-7d4f1836fd19
2026-06-11 14:06:56.140040+00:00,2026-06-11 14:06:56.256038+00:00,,UBER260717P00070000,us_option,buy,market,2,2,4.2,,,filled,e790df49-4626-4319-a9a8-58fd6689252e
2026-06-11 14:06:51.443284+00:00,2026-06-11 14:06:51.475076+00:00,,PLTR260717P00145000,us_option,buy,market,3,3,17.9,,,filled,f5c4e57c-97b4-4bab-86df-9dec72f4e47e
2026-06-11 14:06:47.004481+00:00,2026-06-11 14:06:47.025090+00:00,,XLE260717C00060000,us_option,buy,market,1,1,1.32,,,filled,26eadf76-95d8-405e-a7b7-7da7459b54e7
2026-06-11 14:06:42.596749+00:00,2026-06-11 14:06:42.735667+00:00,,META260717P00650000,us_option,buy,market,1,1,89.95,,,filled,18e94426-4393-4405-a91c-7723340e89a6
2026-06-11 14:06:38.492276+00:00,2026-06-11 14:06:38.543685+00:00,,JNJ260717C00230000,us_option,buy,market,2,2,15.25,,,filled,4b7da293-d5e1-4c52-9eb9-72d1d117a8ad
2026-06-11 14:06:34.759480+00:00,2026-06-11 14:06:34.830044+00:00,,PFE260717C00027000,us_option,buy,market,1,1,0.45,,,filled,321e9d53-7129-4888-9bd2-8a9d1060ed8c
2026-06-11 14:06:31.192917+00:00,2026-06-11 14:06:31.251219+00:00,,AMD260717C00430000,us_option,buy,market,1,1,71.6,,,filled,ffac6a6d-28c1-4fe9-a90d-ec3603cc9782
2026-06-11 14:06:27.647945+00:00,2026-06-11 14:06:27.671012+00:00,,F260717P00014000,us_option,buy,market,3,3,0.6,,,filled,d233a6cd-2688-4dc9-828d-064015bbf4b6
2026-06-11 14:06:24.451748+00:00,2026-06-11 14:06:24.511175+00:00,,INTC260717C00120000,us_option,buy,market,3,3,12.75,,,filled,5baf60f4-76bd-44b7-99b0-939316a23aef
2026-06-10 19:46:35.947448+00:00,2026-06-10 19:46:36.040764+00:00,,CVS260717C00100000,us_option,sell,market,2,2,2.66,,,filled,40968aa3-d0d9-441c-9557-76d0c44d4074
2026-06-10 19:46:35.694101+00:00,2026-06-10 19:46:35.813567+00:00,,V260717C00335000,us_option,sell,market,1,1,5.45,,,filled,63dc7a5d-68b9-4696-985f-6cc6ef49ec58
2026-06-10 19:46:35.446734+00:00,2026-06-10 19:46:35.587795+00:00,,RR260710P00002500,us_option,sell,market,3,3,0.43,,,filled,8dea2c8b-9ab4-4ec7-a1a6-148a7043d4d4
2026-06-10 19:46:35.230331+00:00,2026-06-10 19:46:35.335872+00:00,,CVX260717C00200000,us_option,sell,market,1,1,3.8,,,filled,f7d0fe33-b919-4908-8387-62cb6f013355
2026-06-10 19:46:35.017638+00:00,2026-06-10 19:46:35.229458+00:00,,HD260717C00330000,us_option,sell,market,3,3,7.7,,,filled,40037358-adc8-4191-a704-112d9f49becc
2026-06-10 19:46:34.754093+00:00,2026-06-10 19:46:34.870762+00:00,,SO260710C00096000,us_option,sell,market,2,2,1.5,,,filled,13479e17-1752-4a89-9eb3-ecfa1f5e6143
2026-06-10 19:46:34.382009+00:00,2026-06-10 19:46:34.405473+00:00,,PEP260717C00145000,us_option,sell,market,2,2,4.7,,,filled,e65c881d-d9d6-4bfb-920a-24a3ae8fbf22
2026-06-10 19:46:33.831739+00:00,2026-06-10 19:46:33.953622+00:00,,MRK260717P00115000,us_option,sell,market,2,2,2.75,,,filled,4d79e7c0-94eb-4d0b-a7c9-0dd0630e27c1
2026-06-10 19:46:33.616806+00:00,2026-06-10 19:46:33.838629+00:00,,JNJ260717C00250000,us_option,sell,market,2,2,3.7,,,filled,7c7c75f8-c2f0-4baa-8d05-58588cb0a23e
2026-06-10 19:46:33.370328+00:00,2026-06-10 19:46:33.603493+00:00,,MO260717C00060000,us_option,sell,market,2,2,12.2,,,filled,210a9c1d-15df-4fe8-8893-5af4ac5f5e26
2026-06-10 19:46:33.138481+00:00,2026-06-10 19:46:33.251563+00:00,,KO260717C00072500,us_option,sell,market,3,3,10.4,,,filled,28e2f82d-d0cd-4fed-bf80-f2b49e1f754f
2026-06-10 19:46:32.923402+00:00,2026-06-10 19:46:33.002154+00:00,,ADBE260717P00225000,us_option,sell,market,2,2,11.35,,,filled,a187f696-07f8-440f-912d-c96beadcdc61
2026-06-10 19:46:32.700558+00:00,2026-06-10 19:46:32.771892+00:00,,ABBV260717C00195000,us_option,sell,market,1,1,30.75,,,filled,d5cba659-0000-4104-868b-06abce4d8609
2026-06-10 19:46:32.485557+00:00,2026-06-10 19:46:32.538951+00:00,,UNH260717C00330000,us_option,sell,market,1,1,74.65,,,filled,7d675d79-67a7-4631-8224-61b8cc9e55a5
2026-06-10 19:46:32.272187+00:00,2026-06-10 19:46:32.295355+00:00,,CRM260717P00175000,us_option,sell,market,3,3,11.05,,,filled,8b4242ed-799f-4a1b-b31d-8c10b78788ed
2026-06-10 19:46:32.060735+00:00,2026-06-10 19:46:32.179700+00:00,,ORCL260717P00210000,us_option,sell,market,3,3,23.25,,,filled,8adea66a-74cd-48c9-b737-9007d0c4bb14
2026-06-10 19:46:18.223556+00:00,2026-06-10 19:46:18.279697+00:00,,META260717P00570000,us_option,sell,market,2,2,22.45,,,filled,3ae26fc4-a62c-487d-88ba-4ee54c5f3fd5
2026-06-10 19:30:44.209098+00:00,2026-06-10 19:30:44.285235+00:00,,SCHW260717C00092500,us_option,sell,market,1,1,2.28,,,filled,58ff2fc6-984e-4629-8c12-66eb1ddb5e71
2026-06-10 18:42:52.226593+00:00,2026-06-10 18:42:52.338981+00:00,,CVS260717C00100000,us_option,buy,market,2,2,3.1,,,filled,830f5500-cb29-4b39-9aef-cb4ce55d76e8
2026-06-10 18:42:44.511202+00:00,2026-06-10 18:42:44.537812+00:00,,V260717C00335000,us_option,buy,market,1,1,6.35,,,filled,f6a4eb7b-7d18-45e9-b402-2d88a342dc48
2026-06-10 18:24:41.875214+00:00,2026-06-10 18:24:41.999941+00:00,,RR260710P00002500,us_option,buy,market,3,3,0.52,,,filled,b0bb8ae9-25e7-462e-8323-455b5a383c4f
2026-06-10 18:06:16.941661+00:00,2026-06-10 18:06:16.974327+00:00,,AMD260717P00470000,us_option,sell,market,2,2,47.05,,,filled,702a6875-7fd8-4a3e-a328-926bcab5b0fb
2026-06-10 18:06:15.890149+00:00,2026-06-10 18:06:15.919341+00:00,,TSLA260717P00390000,us_option,sell,market,3,3,25.05,,,filled,a26fff34-b912-4a37-b566-6cf28c925ff8
2026-06-10 17:50:06.390446+00:00,2026-06-10 17:50:06.435275+00:00,,QQQ260710P00691000,us_option,sell,market,2,2,18.67,,,filled,f458feb2-e9f4-413c-b6a7-8077266733af
2026-06-10 17:50:05.271672+00:00,2026-06-10 17:50:05.356441+00:00,,INTC260717P00115000,us_option,sell,market,2,2,15.85,,,filled,4bf4be30-f960-4afd-9955-564bbb3c9565
2026-06-10 17:50:04.192765+00:00,2026-06-10 17:50:04.293757+00:00,,SPY260710P00720000,us_option,sell,market,2,2,10.72,,,filled,11bde624-3565-4507-93ac-7e31c11a3ec8
2026-06-10 17:50:01.366772+00:00,2026-06-10 17:50:01.438352+00:00,,PG260717C00150000,us_option,sell,market,2,2,3.65,,,filled,6082701a-7155-4108-b4ba-3c17f4099e96
2026-06-10 17:49:53.198943+00:00,2026-06-10 17:49:53.297787+00:00,,GOOGL260717P00355000,us_option,sell,market,2,2,12.5,,,filled,29a9ad4c-8a70-4a7f-8db3-75518295333a
2026-06-10 17:49:39.373507+00:00,2026-06-10 17:49:39.389306+00:00,,AVGO260717P00370000,us_option,sell,market,2,2,19.35,,,filled,14298131-da5e-4f39-82ca-e96551acc29e
2026-06-10 17:32:46.680435+00:00,2026-06-10 17:32:46.704264+00:00,,BAC260717C00052500,us_option,sell,market,2,2,3.6,,,filled,62067b95-b0a0-443c-b4e1-99b999f95fa5
2026-06-10 17:17:44.888789+00:00,2026-06-10 17:17:45.003498+00:00,,CVX260717C00200000,us_option,buy,market,1,1,4.55,,,filled,4b99c30c-ccdc-4420-a45d-8c69a031b994
2026-06-10 16:26:10.238327+00:00,2026-06-10 16:26:10.277232+00:00,,ENB260717C00057500,us_option,sell,market,1,1,1,,,filled,80de571c-c26c-4587-a697-2a747da0b0a4
2026-06-10 16:10:46.654810+00:00,2026-06-10 16:10:46.785780+00:00,,HD260717C00330000,us_option,buy,market,3,3,8.95,,,filled,a8b430e5-2bc3-485e-a97d-065e588860dd
2026-06-10 16:10:36.928184+00:00,2026-06-10 16:10:36.974088+00:00,,SO260710C00096000,us_option,buy,market,2,2,1.45,,,filled,e6be75a5-ab5d-484b-a1cc-1daa36ec9d76
2026-06-10 16:10:27.058300+00:00,2026-06-10 16:10:27.135018+00:00,,QQQ260710P00691000,us_option,buy,market,2,2,19.13,,,filled,d04bc4b0-65b8-46b5-ad26-1ae45d8f44c8
2026-06-10 16:10:17.419765+00:00,2026-06-10 16:10:17.463423+00:00,,INTC260717P00115000,us_option,buy,market,2,2,16.45,,,filled,dcd0ae91-f725-431e-9860-bf9cc0ee0de4
2026-06-10 16:10:08.571372+00:00,2026-06-10 16:10:08.748000+00:00,,SPY260710P00720000,us_option,buy,market,2,2,11.07,,,filled,a36f2369-1573-4a74-a405-b46a67eac9a2
2026-06-10 16:09:59.223430+00:00,2026-06-10 16:09:59.261414+00:00,,META260717P00570000,us_option,buy,market,2,2,20.65,,,filled,d292d917-ad11-4c29-8deb-d9f1056f610f
2026-06-10 16:09:51.287842+00:00,2026-06-10 16:09:51.417961+00:00,,PG260717C00150000,us_option,buy,market,2,2,4.5,,,filled,4c0cb26f-ffd6-464a-b50c-e6b2d2181901
2026-06-10 16:09:43.492758+00:00,2026-06-10 16:09:43.533034+00:00,,SCHW260717C00092500,us_option,buy,market,1,1,2.2,,,filled,43a0315e-cba6-42f1-be39-3005f1df8a8a
2026-06-10 16:09:36.071078+00:00,2026-06-10 16:09:36.117744+00:00,,PEP260717C00145000,us_option,buy,market,2,2,5.2,,,filled,5953835a-396d-45cb-9a98-0418a822a236
2026-06-10 16:09:28.918201+00:00,2026-06-10 16:09:28.932779+00:00,,MRK260717P00115000,us_option,buy,market,2,2,3.4,,,filled,2740fbc8-add1-45c7-ae28-a2eaf792c78b
2026-06-10 16:09:21.861356+00:00,2026-06-10 16:09:21.975658+00:00,,GOOGL260717P00355000,us_option,buy,market,2,2,12.4,,,filled,967c3fe2-0d2b-449e-9eac-32e6c722ff58
2026-06-10 16:09:14.970783+00:00,2026-06-10 16:09:15.098700+00:00,,JNJ260717C00250000,us_option,buy,market,2,2,4.15,,,filled,8c690bd8-d68a-435b-803b-6283bcca4a46
2026-06-10 16:02:35.712936+00:00,2026-06-10 16:02:35.782402+00:00,,SPY260710P00720000,us_option,sell,market,2,2,10.75,,,filled,e5c87825-efd8-4085-b566-6756ce137db4
2026-06-10 16:02:34.669849+00:00,2026-06-10 16:02:34.750266+00:00,,INTC260717P00105000,us_option,sell,market,2,2,9.85,,,filled,47d3f359-13c8-43a1-af3e-d676ec14c504
2026-06-10 16:02:30.231174+00:00,2026-06-10 16:02:30.327080+00:00,,PG260821C00155000,us_option,sell,market,2,2,4,,,filled,18335c9f-4652-4425-94ac-fef12c38edd0
2026-06-10 16:02:25.755949+00:00,2026-06-10 16:02:25.785848+00:00,,QQQ260710P00700000,us_option,sell,market,2,2,21.81,,,filled,184a2647-1b0a-464a-83ff-8939c833ead2
2026-06-10 16:02:24.600443+00:00,2026-06-10 16:02:24.645235+00:00,,META260717P00575000,us_option,sell,market,2,2,22.1,,,filled,be2172d4-359a-495b-bf66-d7c1b9cce389
2026-06-10 15:56:11.517368+00:00,2026-06-10 15:56:11.617348+00:00,,ENB260717C00057500,us_option,buy,market,1,1,1.2,,,filled,62021738-21ed-407c-a6eb-032a84c5e39b
2026-06-10 15:56:03.898430+00:00,2026-06-10 15:56:03.938957+00:00,,MO260717C00060000,us_option,buy,market,2,2,13.6,,,filled,6fa8ae7b-9271-4777-aac9-b95656924aea
2026-06-10 15:55:56.822741+00:00,2026-06-10 15:55:56.848959+00:00,,KO260717C00072500,us_option,buy,market,3,3,11.4,,,filled,2b222486-88e1-4168-b92d-aea70338fa56
2026-06-10 15:51:48.103661+00:00,2026-06-10 15:51:48.166716+00:00,,SCHW260717C00092500,us_option,sell,market,1,1,1.96,,,filled,deed662f-838c-4934-ae8f-7e3c3852a4e4
2026-06-10 15:51:34.242125+00:00,2026-06-10 15:51:34.290735+00:00,,PEP260717C00150000,us_option,sell,market,2,2,3,,,filled,fa8c9071-47e6-42ce-967c-1ac3414b4be7
2026-06-10 15:47:59.951437+00:00,2026-06-10 15:48:00.024647+00:00,,SPY260710C00729000,us_option,sell,market,1,1,16.4,,,filled,3359b7a7-0952-40e4-9674-055d465c75cb
2026-06-10 15:35:43.324107+00:00,2026-06-10 15:35:43.382078+00:00,,ADBE260717P00225000,us_option,buy,market,2,2,11,,,filled,aab0e6ef-9704-4f6a-8f8b-a720b25fca26
2026-06-10 15:34:28.963080+00:00,2026-06-10 15:34:29.003850+00:00,,SPY260710C00729000,us_option,buy,market,1,1,16.74,,,filled,3b2705b4-3d94-4bf8-a118-c259ab591df3
2026-06-10 15:31:04.453868+00:00,2026-06-10 15:31:04.496088+00:00,,ADBE260717P00235000,us_option,sell,market,3,3,14.3,,,filled,28b18ca8-e93a-4fc1-9316-b5c919c980fd
2026-06-10 15:30:43.758765+00:00,2026-06-10 15:30:43.816645+00:00,,KO260717C00072500,us_option,sell,market,3,3,10.85,,,filled,e5bd1b47-4dc7-4c40-9c20-ff066f588a4d
2026-06-10 15:17:25.957155+00:00,2026-06-10 15:17:26.009224+00:00,,SCHW260717C00092500,us_option,buy,market,1,1,2.42,,,filled,51b14a6c-da7d-418f-a617-03a8f930f177
2026-06-10 15:17:19.133467+00:00,2026-06-10 15:17:19.158770+00:00,,SPY260710P00720000,us_option,buy,market,2,2,11.16,,,filled,2c0ef295-50d0-4867-bd9f-de221e35d20f
2026-06-10 15:13:51.089089+00:00,2026-06-10 15:13:51.173972+00:00,,HD260717C00330000,us_option,sell,market,2,2,8.3,,,filled,e2b3afa8-4ed7-4967-8925-a539b43728e5
2026-06-10 14:04:47.051780+00:00,2026-06-10 14:04:47.123130+00:00,,INTC260717P00105000,us_option,buy,market,2,2,9.7,,,filled,490dd6cd-c5b2-4bdf-91a9-627c97a30f57
2026-06-10 14:04:40.369882+00:00,2026-06-10 14:04:40.383054+00:00,,ABBV260717C00195000,us_option,buy,market,1,1,33.55,,,filled,ccdb9c49-7259-4343-ad87-c8b0fd7b06c4
2026-06-10 14:04:33.649826+00:00,2026-06-10 14:04:33.743129+00:00,,UNH260717C00330000,us_option,buy,market,1,1,84,,,filled,74e04d62-0934-41c7-8422-9fe0fa3079da
2026-06-10 13:56:33.784487+00:00,2026-06-10 13:56:33.966243+00:00,,PG260821C00155000,us_option,buy,market,2,2,4.2,,,filled,6caa886a-2ed6-4c84-8a81-c49c062309fa
2026-06-10 13:56:26.393280+00:00,2026-06-10 13:56:26.483958+00:00,,HD260717C00330000,us_option,buy,market,2,2,8.8,,,filled,940b0ea0-57bd-415b-885f-804ef9c61ade
2026-06-10 13:56:20.826798+00:00,2026-06-10 13:56:20.928873+00:00,,ADBE260717P00235000,us_option,buy,market,3,3,15.2,,,filled,d3ff04d2-cbd7-48e9-9d8d-c1968c2bc276
2026-06-10 13:56:15.233386+00:00,2026-06-10 13:56:15.298566+00:00,,AMD260717P00470000,us_option,buy,market,2,2,42.85,,,filled,1934e26b-061e-46b0-8460-61126110aec4
2026-06-10 13:56:09.896476+00:00,2026-06-10 13:56:09.954757+00:00,,AVGO260717P00370000,us_option,buy,market,2,2,21.3,,,filled,d3446c96-2a83-4836-bcac-65230e95ca72
2026-06-10 13:56:04.614006+00:00,2026-06-10 13:56:04.714376+00:00,,PEP260717C00150000,us_option,buy,market,2,2,3.1,,,filled,4dcc9c4d-fed1-40e4-87f5-544f84057951
2026-06-10 13:55:59.481756+00:00,2026-06-10 13:55:59.567056+00:00,,QQQ260710P00700000,us_option,buy,market,2,2,18.7,,,filled,a801cd02-0f1b-4b31-b7ca-69c0ef0e632b
2026-06-10 13:55:54.912839+00:00,2026-06-10 13:55:54.952062+00:00,,META260717P00575000,us_option,buy,market,2,2,18.6,,,filled,77a0a6fd-d948-4f5d-8032-f1521de4d044
2026-06-10 13:55:50.738546+00:00,2026-06-10 13:55:50.876495+00:00,,TSLA260717P00390000,us_option,buy,market,3,3,21.75,,,filled,2a4b700c-4a4a-422a-bece-eeb923f69c67
2026-06-10 13:55:46.669458+00:00,2026-06-10 13:55:46.747725+00:00,,CRM260717P00175000,us_option,buy,market,3,3,10.05,,,filled,28962c16-326a-4205-8bfa-54aef8f44632
2026-06-10 13:55:42.391953+00:00,2026-06-10 13:55:42.438439+00:00,,ORCL260717P00210000,us_option,buy,market,3,3,20.4,,,filled,1675433e-d844-49d2-b864-6abae3743724
2026-06-10 13:55:38.621252+00:00,2026-06-10 13:55:38.705842+00:00,,BAC260717C00052500,us_option,buy,market,2,2,3.75,,,filled,7d6f65c9-6028-4629-99b0-b61b91858063
2026-06-10 13:55:35.242056+00:00,2026-06-10 13:55:35.324936+00:00,,KO260717C00072500,us_option,buy,market,3,3,10.7,,,filled,defe74fc-b2f4-4b70-bd32-39e433467af4
2026-06-09 19:45:24.283415+00:00,2026-06-09 19:45:24.293063+00:00,,KO260717C00075000,us_option,sell,market,2,2,6.05,,,filled,675e9672-4914-4de0-b631-265ff41d0d37
2026-06-09 19:45:24.071575+00:00,2026-06-09 19:45:24.182303+00:00,,XOM260717P00145000,us_option,sell,market,2,2,4.05,,,filled,57e84e3a-1fc9-4be7-8456-f23452a8a999
2026-06-09 19:45:23.836301+00:00,2026-06-09 19:45:24.069100+00:00,,HD260717C00310000,us_option,sell,market,2,2,18.2,,,filled,b6e8c494-ad35-4b79-b821-d198327322c3
2026-06-09 19:45:23.616963+00:00,2026-06-09 19:45:23.712783+00:00,,UNH260717C00400000,us_option,sell,market,3,3,22.15,,,filled,f2be80d3-56e5-4baa-b25a-8033cc36327d
2026-06-09 19:45:19.030659+00:00,2026-06-09 19:45:19.143384+00:00,,ABT260717C00095000,us_option,sell,market,2,2,1.95,,,filled,b30d8524-9fdb-4a34-9564-297f490bf139
2026-06-09 19:30:09.255939+00:00,2026-06-09 19:30:09.347472+00:00,,CVS260717C00100000,us_option,sell,market,2,2,2.5,,,filled,3b91a5e2-161d-40d2-a944-4923f4a07847
2026-06-09 18:06:55.129717+00:00,2026-06-09 18:06:55.250669+00:00,,ADBE260717P00240000,us_option,sell,market,3,3,17.6,,,filled,33f66998-74a9-45c9-806d-e45a2d31f725
2026-06-09 17:49:58.141350+00:00,2026-06-09 17:49:58.158916+00:00,,META260717P00680000,us_option,sell,market,1,1,92.9,,,filled,c1ae5326-a58a-46fd-a76c-2b1a7a217f9b
2026-06-09 17:33:36.744177+00:00,2026-06-09 17:33:36.848152+00:00,,QQQ260710P00680000,us_option,sell,market,2,2,14.24,,,filled,e1cf5b79-970f-4771-8fb6-62c8174e9817
2026-06-09 17:33:25.843160+00:00,2026-06-09 17:33:25.917480+00:00,,ORCL260717P00210000,us_option,sell,market,2,2,22,,,filled,a96aa91c-e024-4150-958b-f6da1e5c3451
2026-06-09 17:33:23.111358+00:00,2026-06-09 17:33:23.226276+00:00,,CRM260717P00170000,us_option,sell,market,3,3,7.75,,,filled,8e45e458-7d8b-46d4-94bd-b92de53bca65
2026-06-09 17:17:17.532484+00:00,2026-06-09 17:17:17.642956+00:00,,GOOGL260717P00360000,us_option,sell,market,2,2,13.25,,,filled,569eae47-1336-4bfb-93ba-5b3b6df0ad93
2026-06-09 17:17:11.222247+00:00,2026-06-09 17:17:11.246100+00:00,,AVGO260717P00390000,us_option,sell,market,2,2,28.85,,,filled,d9446b1f-77c3-4a89-a92f-9b432801b76a
2026-06-09 17:17:08.274023+00:00,2026-06-09 17:17:08.289735+00:00,,PG260717C00150000,us_option,sell,market,2,2,3.75,,,filled,59b56d72-ebbb-4a23-bb0b-b3e7e097f123
2026-06-09 17:17:07.230411+00:00,2026-06-09 17:17:07.281877+00:00,,JNJ260717C00240000,us_option,sell,market,2,2,6.15,,,filled,6b00ee68-1a53-4593-a8c0-379ae65d561c
2026-06-09 17:17:00.520170+00:00,2026-06-09 17:17:00.606358+00:00,,AMD260717P00520000,us_option,sell,market,1,1,83.65,,,filled,79630b42-d068-4613-a828-bcb974d23ee9
2026-06-09 17:01:56.988665+00:00,2026-06-09 17:01:57.032383+00:00,,QQQ260710P00680000,us_option,buy,market,2,2,17.78,,,filled,ab3f3744-3e53-45f0-84f8-33752bc96a0a
2026-06-09 16:59:31.467838+00:00,2026-06-09 16:59:31.572006+00:00,,SPY260710P00720000,us_option,sell,market,2,2,12.58,,,filled,802ad461-1398-49a1-914d-b7034d8797cc
2026-06-09 16:59:09.780491+00:00,2026-06-09 16:59:09.859742+00:00,,TSLA260717P00405000,us_option,sell,market,1,1,33.85,,,filled,c5b2bd86-281d-4b9a-912a-07c01aa13b91
2026-06-09 16:08:04.549395+00:00,2026-06-09 16:08:04.650959+00:00,,KO260717C00075000,us_option,buy,market,2,2,6.75,,,filled,d36ef55d-de2a-4ece-ba1f-43c2278f469a
2026-06-09 16:07:57.295310+00:00,2026-06-09 16:07:57.360430+00:00,,XOM260717P00145000,us_option,buy,market,2,2,4.4,,,filled,6b02b18b-9d22-4d7e-a469-6e5412a1b7a3
2026-06-09 16:07:50.420953+00:00,2026-06-09 16:07:50.454839+00:00,,SPY260710P00720000,us_option,buy,market,2,2,11.25,,,filled,2147c127-0aa6-4e23-8350-85e5befc0b97
2026-06-09 16:07:43.925395+00:00,2026-06-09 16:07:44.019004+00:00,,GOOGL260717P00360000,us_option,buy,market,2,2,14.4,,,filled,663f17b4-a4b8-46de-922d-f3b5fc966fa6
2026-06-09 16:07:38.225451+00:00,2026-06-09 16:07:38.333062+00:00,,CVS260717C00100000,us_option,buy,market,2,2,2.71,,,filled,55543ad0-81d4-4274-872a-7f3de4efd66c
2026-06-09 16:03:13.535998+00:00,2026-06-09 16:03:13.565037+00:00,,CVS260717C00100000,us_option,sell,market,2,2,2.35,,,filled,b0e9f54b-d2b7-4909-aeab-acf45799c8ce
2026-06-09 15:24:44.492086+00:00,2026-06-09 15:24:44.514659+00:00,,ABT260717C00095000,us_option,buy,market,2,2,2.6,,,filled,3dd49930-bc64-48d1-841e-45f60720eb6c
2026-06-09 15:15:58.813485+00:00,2026-06-09 15:15:58.929510+00:00,,HD260717C00310000,us_option,buy,market,2,2,20.6,,,filled,3f6389e5-8bd6-45a5-8430-17479edf3b19
2026-06-09 15:15:53.451579+00:00,2026-06-09 15:15:53.539422+00:00,,AVGO260717P00390000,us_option,buy,market,2,2,25.25,,,filled,9d259d02-aaf3-4f27-8cac-07f0f11635e7
2026-06-09 15:15:48.194222+00:00,2026-06-09 15:15:48.277788+00:00,,ORCL260717P00210000,us_option,buy,market,2,2,19.8,,,filled,302c2dc3-f2b5-48ea-abff-1d661d041808
2026-06-09 15:15:43.201542+00:00,2026-06-09 15:15:43.296555+00:00,,PG260717C00150000,us_option,buy,market,2,2,3.45,,,filled,9be9b06c-cc51-4b12-8182-8597e371308e
2026-06-09 15:15:38.493436+00:00,2026-06-09 15:15:38.554643+00:00,,JNJ260717C00240000,us_option,buy,market,2,2,5.45,,,filled,68d0b6ac-0fba-49e8-895e-d700b788b1fb
2026-06-09 15:15:33.478017+00:00,2026-06-09 15:15:33.599536+00:00,,META260717P00680000,us_option,buy,market,1,1,91.15,,,filled,d414f36f-2272-455f-af4d-c5f6e368b0b2
2026-06-09 15:15:27.747843+00:00,2026-06-09 15:15:27.837167+00:00,,CRM260717P00170000,us_option,buy,market,3,3,6.95,,,filled,45a10d4b-7b2d-451e-8151-f256385894ab
2026-06-09 15:15:22.864615+00:00,2026-06-09 15:15:22.897990+00:00,,ADBE260717P00240000,us_option,buy,market,3,3,16.8,,,filled,49a2eb59-3d08-4bf6-9235-32b84b1914c0
2026-06-09 15:15:18.979946+00:00,2026-06-09 15:15:19.078968+00:00,,AMD260717P00520000,us_option,buy,market,1,1,67.8,,,filled,56889377-c66f-42f5-a76a-5c39a67420c7
2026-06-09 15:15:15.199055+00:00,2026-06-09 15:15:15.262665+00:00,,TSLA260717P00405000,us_option,buy,market,1,1,25.85,,,filled,9f05865e-3bd3-4670-a208-031b42ab8962
2026-06-09 15:15:08.191588+00:00,2026-06-09 15:15:08.217629+00:00,,CVS260717C00100000,us_option,buy,market,2,2,3,,,filled,57e10b07-82e1-434d-a28e-75f962d5b643
2026-06-09 15:15:04.272621+00:00,2026-06-09 15:15:04.395279+00:00,,UNH260717C00400000,us_option,buy,market,3,3,24.9,,,filled,1ac8fcdd-adc9-4944-be07-3c529d3635b3
2026-06-09 13:33:13.758771+00:00,2026-06-09 13:33:13.827485+00:00,,MU260717P00950000,us_option,sell,market,1,1,107,,,filled,41b43761-b250-4da0-b9af-adcc0e2acf66
2026-06-08 19:53:39.276514+00:00,2026-06-08 19:53:39.358330+00:00,,MO260717C00065000,us_option,sell,market,2,2,6.25,,,filled,f31b67c2-c9df-47a2-b459-52716ee7fbf6
2026-06-08 19:53:39.062362+00:00,2026-06-08 19:53:39.127539+00:00,,ABT260821C00095000,us_option,sell,market,1,1,3.4,,,filled,5254be60-6330-473d-a5b1-4e2c63fa87ff
2026-06-08 19:53:38.854029+00:00,2026-06-08 19:53:38.895188+00:00,,GSK260821C00045000,us_option,sell,market,1,1,6.5,,,filled,d17c06af-fc79-4719-99f0-9b36c49d478c
2026-06-08 19:53:38.627714+00:00,2026-06-08 19:53:38.672863+00:00,,QQQ260710P00719000,us_option,sell,market,1,1,20.36,,,filled,ebda564d-1c33-4cad-8e7f-acc5b549fe6e
2026-06-08 19:53:38.412143+00:00,2026-06-08 19:53:38.451009+00:00,,SCHW260717C00090000,us_option,sell,market,1,1,2.73,,,filled,2c08a107-f57a-467f-a0ce-e59dc8f51708
2026-06-08 19:53:38.193521+00:00,2026-06-08 19:53:38.219287+00:00,,MDT260717C00080000,us_option,sell,market,1,1,2.76,,,filled,ee1fe026-fdca-4f17-8a43-be78a6b96db7
2026-06-08 19:53:37.986415+00:00,2026-06-08 19:53:38.106506+00:00,,CVS260821C00100000,us_option,sell,market,1,1,4.75,,,filled,79126914-555e-499f-baf7-8a3a88abb285
2026-06-08 19:23:08.026119+00:00,2026-06-08 19:23:08.112107+00:00,,SPY260710C00745000,us_option,sell,market,1,1,10.69,,,filled,c0fb8aa3-2284-4aa3-b713-76b949f06280
2026-06-08 17:20:30.224701+00:00,2026-06-08 17:20:30.267316+00:00,,SO260821C00095000,us_option,sell,market,1,1,1.8,,,filled,64c3c179-dcde-43ed-aa52-2b9a706712f6
2026-06-08 17:04:58.983555+00:00,2026-06-08 17:04:58.999366+00:00,,SPY260710C00752000,us_option,sell,market,1,1,7.96,,,filled,64b2a9a3-08ba-4189-b3e5-976a164c93da
2026-06-08 16:49:33.221939+00:00,2026-06-08 16:49:33.293696+00:00,,ENB260717C00055000,us_option,sell,market,1,1,1.7,,,filled,64528575-30a5-49be-ab53-a3d427dcd285
2026-06-08 16:48:58.257184+00:00,2026-06-08 16:48:58.307451+00:00,,SPY260710C00745000,us_option,buy,market,1,1,12.39,,,filled,8f9569e4-d084-464b-9151-ccce16410fe2
2026-06-08 16:34:25.260521+00:00,2026-06-08 16:34:25.292731+00:00,,SO260821C00095000,us_option,buy,market,1,1,2.2,,,filled,7f8022e1-9ad4-47dc-a3d8-78bb05c719e1
2026-06-08 16:33:47.561652+00:00,2026-06-08 16:33:47.654659+00:00,,SNY260717C00045000,us_option,sell,market,1,1,1,,,filled,816470e9-eaaf-42f6-947b-ffe895b70dae
2026-06-08 16:14:17.108466+00:00,2026-06-08 16:14:17.206517+00:00,,SO260821C00095000,us_option,sell,market,1,1,1.95,,,filled,f370b293-3659-4568-a7d9-b0de75575172
2026-06-08 15:59:02.056335+00:00,2026-06-08 15:59:02.193166+00:00,,MO260717C00065000,us_option,buy,market,2,2,6.8,,,filled,285ee40c-38ac-4a91-b991-fc35ed687afd
2026-06-08 15:45:23.563063+00:00,2026-06-08 15:45:23.602174+00:00,,MU260717P00950000,us_option,buy,market,1,1,122.3,,,filled,ffcda10c-1ab4-41ee-b016-aa52e2134a0c
2026-06-08 15:40:39.904174+00:00,2026-06-08 15:40:39.939006+00:00,,MO260717C00072500,us_option,sell,market,1,1,1.31,,,filled,5288ea54-9694-455f-810c-eda37a2cdae4
2026-06-08 15:27:07.027747+00:00,2026-06-08 15:27:07.046973+00:00,,ABT260821C00095000,us_option,buy,market,1,1,3.8,,,filled,aec635b3-2d31-43c6-8f6c-0959246f661a
2026-06-08 15:25:24.401943+00:00,2026-06-08 15:25:24.481644+00:00,,GSK260821C00045000,us_option,buy,market,1,1,7.2,,,filled,11f3b64d-84d2-4c39-aa8b-6b44f8cfcfbc
2026-06-08 15:25:21.841442+00:00,2026-06-08 15:25:21.911691+00:00,,SO260821C00095000,us_option,buy,market,1,1,2.45,,,filled,808d5c92-374e-43af-b15f-e4952a691ddf
2026-06-08 15:25:19.503665+00:00,2026-06-08 15:25:19.572323+00:00,,MO260717C00072500,us_option,buy,market,1,1,1.67,,,filled,6e531ff4-60a9-4ba9-a5da-86d207e9abb6
2026-06-08 15:25:17.089211+00:00,2026-06-08 15:25:17.124612+00:00,,SPY260710C00752000,us_option,buy,market,1,1,9.69,,,filled,8c047b2d-4a6a-4468-9e08-5281497f56d9
2026-06-08 15:25:14.762980+00:00,2026-06-08 15:25:14.793976+00:00,,QQQ260710P00719000,us_option,buy,market,1,1,17.79,,,filled,11fd9507-713f-43e8-b187-401b03a6c721
2026-06-08 15:25:12.357172+00:00,2026-06-08 15:25:12.464274+00:00,,ENB260717C00055000,us_option,buy,market,1,1,2.3,,,filled,e4266496-5727-41df-a72b-dfd1b244da18
2026-06-08 15:25:09.890526+00:00,2026-06-08 15:25:09.911635+00:00,,SCHW260717C00090000,us_option,buy,market,1,1,2.94,,,filled,c82299ed-f6d0-4467-b9c2-33974144dff5
2026-06-08 15:22:13.613210+00:00,2026-06-08 15:22:13.678206+00:00,,MDT260717C00080000,us_option,buy,market,1,1,2.9,,,filled,405a0be0-e25c-4bd1-bd45-c9c5939c23ed
2026-06-08 15:12:42.569709+00:00,2026-06-08 15:12:42.608644+00:00,,AMD260821C00420000,us_option,sell,market,1,1,106.45,,,filled,a1e9238f-72ab-4eee-a8ff-e259150e9e36
2026-06-08 14:51:41.394620+00:00,2026-06-08 14:51:41.475366+00:00,,CVS260821C00100000,us_option,buy,market,1,1,4.3,,,filled,538bccb4-46db-4e8d-952e-2f2c5246681e
2026-06-08 14:51:39.000928+00:00,2026-06-08 14:51:39.046924+00:00,,SNY260717C00045000,us_option,buy,market,1,1,1.1,,,filled,e695392a-72d8-40fb-aa72-2fa5edce124c
